id,fistName,lastName,age,address,country,accountName,idSociety
1,Robert,Schumman,34,34 rue des roses,France,234,1
2,Claude,Billet,35,27 rue des lilas,Italie,245,2
3,Mohammed,Miloud,53,67 rue des Pattes,France,789,3
4,Eric,lemort,67,34 rue des roses,France,890,3
5,Michel,Damien,12,34 rue des sansAbri,France,67,2
6,Elena,Devrier,45,3 rue des Hetres,Angleterre,45,4
7,Sandra,Report,23,7 rue des poulpes,France,134,5
8,Pierre,Azoul√©,34,7 rue des poissons,Luxembourg,256,5
9,David,Goliath,34,9 impasse des combes,Palestine,892,6
10,Chan,Picolo,34,34 avenue des olives,Nameck,900,2
11,Alfred,Hitchkok,34,56 rue des horreur,Espagne,365,4
12,Roberto,polo,34,34 rue des roses,Italie,478,6
13,Roberta,Scharzmann,67,31 rue des bombes,Allemagne,378,7
